{
    "total_runtime": 4267.893889427185,
    "num_documents": 2,
    "input_load_time": 0,
    "workflows": {
        "create_base_text_units": {
            "overall": 2.400137424468994
        },
        "create_final_documents": {
            "overall": 0.06851482391357422
        },
        "extract_graph": {
            "overall": 3457.2613973617554
        },
        "compute_communities": {
            "overall": 17.754148960113525
        },
        "create_final_entities": {
            "overall": 0.36278367042541504
        },
        "create_final_relationships": {
            "overall": 0.14440488815307617
        },
        "create_final_nodes": {
            "overall": 0.16492009162902832
        },
        "create_final_communities": {
            "overall": 0.3743128776550293
        },
        "create_final_text_units": {
            "overall": 0.2960188388824463
        },
        "create_final_community_reports": {
            "overall": 768.6929633617401
        },
        "generate_text_embeddings": {
            "overall": 19.848512172698975
        }
    }
}